questions,links
ועדות עירייה ודירקטוריון 2024,https://www.ganeytikva.org.il/4202-ןוירוטקרידו-הייריע-תודעו/.
(Ganne Tikva) Welcome to GANEY TIKVA,https://www.ganeytikva.org.il/hsilgne/.
One pager עיריית גני תקווה,https://www.ganeytikva.org.il/הווקת-ינג-תייריע-regap-eno/.
מקום בעיר - מתחמי פעילות להשכרה,https://www.ganeytikva.org.il/הרכשהל-תוליעפ-ימחתמ-ריעב-םוקמ/.
מקפיצים אתכם לרכבת הקלה | קו 75,https://www.ganeytikva.org.il/עובקל-ךפוה-subkit-yenag-לטאש-המידק-עונל-םיכישממ/.
חוברת היערכות לחירום לתושבי גני תקווה,https://www.ganeytikva.org.il/הווקת-ינג-יבשותל-םוריחל-תוכרעיה-תרבוח/.
מזל טוב על התוספת החדשה במשפחה | קופון מתנה,https://www.ganeytikva.org.il/הנתמ-ןופוק-החפשמב-השדחה-תפסותה-לע-בוט-לזמ/.
קבלת קהל,https://www.ganeytikva.org.il/הייריעב-להק-תלבק/.
שירותים עירוניים,https://www.ganeytikva.org.il/םיינוריע-םיתוריש/.
מים וביוב - תאגיד מי תקווה,https://www.ganeytikva.org.il/li.oc.avkit-iem.www//:sptth
פינוי אשפה וגרוטאות,https://www.ganeytikva.org.il/661/.
ארנונה,https://www.ganeytikva.org.il/171/.
פיקוח עירוני וחניה,https://www.ganeytikva.org.il/642/.
עמדות טעינה לרכב חשמלי,https://www.ganeytikva.org.il./9101/
שירות וטרינרי,https://www.ganeytikva.org.il./8111/
"מרכז הספורט ""לידר""",https://www.ganeytikva.org.il/li.oc.tropsredael.www//:sptth
קאנטרי גלים,https://www.ganeytikva.org.il/li.oc.milagyrtnuoc.www//:sptth
הספרייה הציבורית,https://www.ganeytikva.org.il/li.gro.yrarbil.avkityenag//:sptth
היכל התרבות מרכז הבמה,https://www.ganeytikva.org.il/moc.retnec-amabah.www//:sptth
חנות בגדים קהילתית,https://www.ganeytikva.org.il/תיתליהק-םידגב-תונח/.
פלאים - המרכז לגיל הרך,https://www.ganeytikva.org.il/li.oc.mialp.www//:sptth
רישום לגני הילדים ובתי ספר,https://www.ganeytikva.org.il002205=dIremotsuc?ortni/etis-noitartsiger-ude/li.oc.yticeno.ude//:sptth
צהרונים,https://www.ganeytikva.org.il/d9%7d%99%7d%0a%7d%29%7d%49%7d%59%7d%-8a%7d%4a%7d%1a%7d%49%7d%-aa%7d%99%7d%19%7d%-99%7d%8a%7d%79%7d%09%7d%-aa%7d%59%7d%99%7d%0a%7d%b9%7d%59%7d%aa%7d%-c9%7d%b9%7d%/8a%7d%aa%7d%09%7d%19%7d%-39%7d%59%7d%2a%7d%/yrogetac/li.gro.tgym.www//:sptth
אישור לטאבו,https://www.ganeytikva.org.il/643/.
הבית הירוק מרכז טיפולי רב תחומי למשפחה,https://www.ganeytikva.org.il/49%7D%99%7D%0A%7D%19%7D%19%7D%-09%7D%59%7D%49%7D%-3A%7D%39%7D%19%7D%-AA%7D%2A%7D%29%7D%C9%7D%-09%7D%C9%7D%-49%7D%59%7D%59%7D%7A%7D%AA%7D%-99%7D%0A%7D%29%7D%-7A%7D%59%7D%8A%7D%99%7D%49%7D%-AA%7D%99%7D%19%7D%49%7D%/li.gro.avkityenag.www//:sptth
מועצה דתית - גני תקווה,https://www.ganeytikva.org.il/הווקת-ינג-תיתד-הצעומ/.
מרחבים להשכרה,https://www.ganeytikva.org.il/894/.
כניסה למרחב האישי,https://www.ganeytikva.org.il/retnec-vahsot/.
העיר שלנו,https://www.ganeytikva.org.il/ונלש-ריעה/.
אודות גני תקווה,https://www.ganeytikva.org.il/הווקת-ינג-תודוא/.
דבר ראש העיר,https://www.ganeytikva.org.il/ריעה-שאר-רבד/.
תכנית המתאר הכוללנית של גני תקווה,https://www.ganeytikva.org.il/292/.
תחבורה ציבורית,https://www.ganeytikva.org.il./843/
בטיחות ומוגנות קהילתית,https://www.ganeytikva.org.il/תיתליהק-תונגומו-תוחיטב/.
תושב חדש,https://www.ganeytikva.org.il/שדח-בשות/.
פארקים ושכונות בגני תקווה,https://www.ganeytikva.org.il/הווקת-ינגב-תונוכשו-םיקראפ/.
"""עיר בריאה""",https://www.ganeytikva.org.il./8011/
העצים של גני תקווה,https://www.ganeytikva.org.il./9701/
מועצת העיר,https://www.ganeytikva.org.il/ריעה-תצעומ/.
חברות וחברי מועצת העיר,https://www.ganeytikva.org.il/ריעה-תצעומ-ירבחו-תורבח/.
ועדות העירייה,https://www.ganeytikva.org.il/הייריעה-תודעו/.
פרוטוקולים ישיבות מליאה,https://www.ganeytikva.org.ilcsed-etad=redro&5=yrogetac&0=raey?/slocotorp/li.gro.avkityenag.www//:sptth
לזכרם ולזכרן,https://www.ganeytikva.org.il/rocziy/li.gro.avkityenag.www//:sptth
אדריכלות הזיכרון,https://www.ganeytikva.org.il/ןורכיזה-תולכירדא/.
גלריית הפיסול האורבני של גני תקווה,https://www.ganeytikva.org.il/הווקת-ינג-לש-לוסיפה-תיירלג-9208764751-092/.
עיר תאומה - בירגיש גלאדבאך,https://www.ganeytikva.org.il/ךאבדאלג-שיגריב-המואת-ריע/.
קטעי עיתונות,https://www.ganeytikva.org.il/תונותיע-יעטק/.
שקיפות וחופש המידע,https://www.ganeytikva.org.il/עדימה-שפוחו-תופיקש/.
תכנית עבודה ותקציב שנתי,https://www.ganeytikva.org.il/יתנש-ביצקתו-הדובע-תינכת/.
תכנית עבודה 2023,https://www.ganeytikva.org.il/3202-הדובע-תינכת/.
ארכיון תכניות עבודה ותקציב שנים קודמות,https://www.ganeytikva.org.il/תומדוק-םינש-ביצקתו-הדובע-תוינכת-ןויכרא/.
קוד אתי - גני תקווה,https://www.ganeytikva.org.il/הווקת-ינג-יתא-דוק/.
חוק חופש המידע,https://www.ganeytikva.org.il/עדימה-שפוח-קוח-1648865651-0/.
מבקרת העירייה וממונה על תלונות הציבור,https://www.ganeytikva.org.il/256/.
מוקד פניות 106,https://www.ganeytikva.org.il/622/.
ספר טלפונים,https://www.ganeytikva.org.il/koobenohp/.
תאגידים עירוניים,https://www.ganeytikva.org.il/םיינוריע-םידיגאת/.
פרוטוקולים,https://www.ganeytikva.org.ilcsed-etad=redro&5=yrogetac&0=raey?/slocotorp/li.gro.avkityenag.www//:sptth
מכרזים והתקשרויות,https://www.ganeytikva.org.il/sdib/.
ארכיון תכניות עבודה ותקציב שנים קודמות,https://www.ganeytikva.org.il/תופיקש-תומדוק-םינש-ביצקתו-הדובע-תוינכת-ןויכרא/.
דוחות כספיים,https://www.ganeytikva.org.il/םייפסכ-תוחוד/.
מקבלי השכר הגבוה,https://www.ganeytikva.org.il/הובגה-רכש-ילבקמ/.
דוחות איכות מי השתייה,https://www.ganeytikva.org.il=maraPhcraeS&472=DIyrogetaC?/li.oc.avkit-iem.www//:sptth
מדידות קרינה במוסדות ציבור,https://www.ganeytikva.org.il/רוביצ-תודסומב-הנירק-תודידמ/.
רשימת מאגרי מידע,https://www.ganeytikva.org.il/עדימ-ירגאמ-תמישר/.
מבנה ארגוני,https://www.ganeytikva.org.il/ינוגרא-הנבמ/.
קהילות,https://www.ganeytikva.org.il/תוליהק/.
קהילה מלידה,https://www.ganeytikva.org.ilfaT_kitnaG/oc.gnioc.www//:sptth
בני נוער,https://www.ganeytikva.org.ilCY_avkiT_ienaG/oc.gnioc.www//:sptth
נשים,https://www.ganeytikva.org.il./187/
אזרחים ותיקים,https://www.ganeytikva.org.ilmikitaV_kitnaG/oc.gnioc.www//:sptth
מתנדבים,https://www.ganeytikva.org.ilsreetnuloV_kitnaG/oc.gnioc.www//:sptth
"קהילת צמי""ד",https://www.ganeytikva.org.il/ד-ימצ-תליהק/.
החברה לפיתוח גני תקווה,https://www.ganeytikva.org.il/li.gro.tgym.www//:sptth
מי תקווה,https://www.ganeytikva.org.il/li.oc.avkit-iem.www//:sptth
ספרייה ציבורית,https://www.ganeytikva.org.il/102/.
עמותת אמנות ותרבות בגני תקווה,https://www.ganeytikva.org.il/li.oc.tekcitrams.amabah//:sptth
קצת עלינו,https://www.ganeytikva.org.il/ונילע-תצק/.
עושים טוב בגני תקווה | מגשימים את משאלתה האחרונה של לבנת,https://www.ganeytikva.org.il/תנבל-לש-הנורחאה-התלאשמ-תא-םימישגמ-הווקת-ינגב-בוט-םישוע/.
"הודעת מפקד משמרת בכבאות והצלה | הסבר שימוש בקרש לנעילת הממ""ד",https://www.ganeytikva.org.il/ד-ממה-תליענל-שרקב-שומיש-רבסה-הלצהו-תואבכב-תרמשמ-דקפמ-תעדוה/.
חלוקת חוברות הגשה,https://www.ganeytikva.org.il/השגה-תורבוח-תקולח/.
היערכות לקיץ,https://www.ganeytikva.org.il/-5624194861-0/.
פתרונות למשחקים 70,https://www.ganeytikva.org.il/07-םיקחשמל-תונורתפ/.
כללי,https://www.ganeytikva.org.il/-2613132071-0/.
מכרזי המועצה הדתית,https://www.ganeytikva.org.il/תיתדה-הצעומה-יזרכמ/.
תכנית יזמות חברתית,https://www.ganeytikva.org.ilrumV0B3/yl.tib//:sptth
משהו חדש מתחיל עכשיו מנהל.ות גן,https://www.ganeytikva.org.il/ןג-תולהנמ-וישכע-ליחתמ-שדח-והשמ/.
שירותים בקליק מנהל.ות גן,https://www.ganeytikva.org.il/ןג-תולהנמ-קילקב-םיתוריש/.
"מהשפ""ח באהבה מנהל.ות גן",https://www.ganeytikva.org.il/ןג-תולהנמ-הבהאב-ח-פשהמ/.
"לוח זמנים בעבודה עם השפ""ח",https://www.ganeytikva.org.il/ח-פשה-םע-הדובעב-םינמז-חול/.
הגורמים השונים אשר מלווים אתכן ואותך בגני הילדות והילדים,https://www.ganeytikva.org.il/-4538681661-0/.
גמילה מחיתולים בגן,https://www.ganeytikva.org.il/ןגב-םילותיחמ-הלימג/.
הכניסה לגן,https://www.ganeytikva.org.il/ןגל-הסינכה/.
"עקרונות לעבודת השפ""ח בגן",https://www.ganeytikva.org.il/ןגב-ח-פשה-תדובעל-תונורקע/.
"היחידה לביקור סדיר (קבסי""ם)",https://www.ganeytikva.org.il/ם-יסבק-רידס-רוקיבל-הדיחיה/.
לקראת ועדות מנהל.ות גן,https://www.ganeytikva.org.il/ןג-תולהנמ-תודעו-תארקל/.
מהייעוץ החינוכי אלייך מנהל.ות גן,https://www.ganeytikva.org.il/ןג-תולהנמ-ךיילא-יכוניחה-ץועייהמ/.
מודל לדיאלוג צוות - הורים,https://www.ganeytikva.org.il/םירוה-תווצ-גולאידל-לדומ/.
חובת דיווח,https://www.ganeytikva.org.il/חוויד-תבוח/.
בעקבות מודל ללב,https://www.ganeytikva.org.il/בלל-לדומ-תובקעב/.
מורה נבוכים מנהל.ות גן,https://www.ganeytikva.org.il/ןג-תולהנמ-םיכובנ-הרומ/.
גאנט  2022-2023,https://www.ganeytikva.org.il/3202-2202-טנאג/.
נהלי בטיחות וביטחון מנהל.ות גן,https://www.ganeytikva.org.il/ןג-תו-להנמ-ןוחטיבו-תוחיטב-ילהנ/.
לקראת שנת הלימודים,https://www.ganeytikva.org.il/םידומילה-תנש-תארקל/.
הנחיות כלליות לניהול גן תקין,https://www.ganeytikva.org.il/ןיקת-ןג-לוהינל-תויללכ-תויחנה/.
"תומכת הלמידה בגן הילדות והילדים תשפ""ג",https://www.ganeytikva.org.il/ג-פשת-םידליהו-תודליה-ןגב-הדימלה-תכמות/.
"חוברת נהלים, ביטחון בטיחות ושע""ח גני הילדות והילדים תשפ""ג",https://www.ganeytikva.org.il/הווקת-ינג-ג-פשת-םידליה-ינג-ח-עשו-תוחיטב-ןוחטיב-םילהנ-תרבוח/.
הנחיות פתיחת קריאה מוקד 106 גני הילדות והילדים,https://www.ganeytikva.org.il/דקומ-ילהנ/.
סדר פעולות בחירום בגני הילדות והילדים,https://www.ganeytikva.org.il/םידליהו-תודליה-ינגב-םוריחב-תולועפ-רדס/.
כתבות,https://www.ganeytikva.org.il/selcitra/
אגפי העירייה,https://www.ganeytikva.org.il/הייריעה-יפגא/.
לשכת ראש העיר,https://www.ganeytikva.org.il/ריעה-שאר-תכשל/.
"לשכת מנכ""ל",https://www.ganeytikva.org.il/לכנמ-תכשל/.
תרבות ואירועים,https://www.ganeytikva.org.il./582/
מוקד 106,https://www.ganeytikva.org.il/601-דקומ/.
ועדת תרומות והנצחה באמצעות תרומה,https://www.ganeytikva.org.il/המורת-תועצמאב-החצנהו-תומורת-תדעו/.
אגף החינוך והנוער,https://www.ganeytikva.org.il/רעונהו-ךוניחה-ףגא/.
גיל הרך לידה עד שלוש,https://www.ganeytikva.org.il/3-דע-הדיל-ךרה-ליג/.
הגנים הפרטיים ומעונות היום,https://www.ganeytikva.org.il/םייטרפ-םינגו-םוי-תונועמ-תמישר/.
קהילה מלידה,https://www.ganeytikva.org.ilfaT_kitnaG/oc.gnioc.www//:sptth
חינוך קדם יסודי גני הילדים שלוש עד שש,https://www.ganeytikva.org.il/שש-דע-שולש-םידליה-ינג-ידוסי-םדק-ךוניח/.
"הליך השיבוץ לגני הילדות והילדים לשנת תשפ""ה",https://www.ganeytikva.org.il/הפשת-תנשל-םידליהו-תודליה-ינגל-ץובישה-ךילה/.
נעים להכיר גני הילדות והילדים גני תקווה,https://www.ganeytikva.org.il/הווקת-ינג-םידליה-ינג-ריכהל-םיענ/.
אזורי הרישום,https://www.ganeytikva.org.il./848/
רישום לגני הילדות והילדים,https://www.ganeytikva.org.il/םידליהו-תודליה-ינגל-םושיר/.
תבחיני השיבוץ לגני הילדות והילדים,https://www.ganeytikva.org.il/םידליה-ינגל-ץובישה-יניחבת/.
הליך הרישום לגני הילדות והילדים,https://www.ganeytikva.org.il/םידלי-ינגל-םושירה-ךילה/.
שאלות ותשובות - גני הילדות והילדים,https://www.ganeytikva.org.il/םידליה-ינג-תובושתו-תולאש/.
צהרוני גני הילדות והילדים,https://www.ganeytikva.org.il/d9%7d%99%7d%39%7d%c9%7d%99%7d%49%7d%-99%7d%0a%7d%29%7d%19%7d%-aa%7d%59%7d%99%7d%0a%7d%e9%7d%79%7d%-99%7d%0a%7d%59%7d%8a%7d%49%7d%6a%7d%/d9%7d%99%7d%0a%7d%29%7d%49%7d%59%7d%-8a%7d%4a%7d%1a%7d%49%7d%-aa%7d%99%7d%19%7d%-99%7d%8a%7d%79%7d%09%7d%-aa%7d%59%7d%99%7d%0a%7d%b9%7d%59%7d%aa%7d%-c9%7d%b9%7d%/8a%7d%aa%7d%09%7d%19%7d%-39%7d%59%7d%2a%7d%/yrogetac/li.gro.tgym.www//:sptth
מערך התמיכה של גני הילדות והילדים,https://www.ganeytikva.org.il/םידליה-ינג-לש-הכימתה-ךרעמ/.
יצירת קשר עם המחלקה לחינוך קדם יסודי,https://www.ganeytikva.org.il/ידוסי-םדק-ךוניחל-הקלחמה-םע-רשק-תריצי/.
ברוח החינוך המונטסורי,https://www.ganeytikva.org.il/ירוסטנומה-ךוניחה-חורב/.
גני הילדות והילדים ברוח החינוך המונטסורי ביישוב,https://www.ganeytikva.org.il/בושייב-ירוסטנומה-ךוניחה-חורב-םידליהו-תודליה-ינג/.
תקנון ההגרלה לגנים ברוח החינוך המונטסורי,https://www.ganeytikva.org.il/ירוסטנומה-ךוניחה-חורב-םינגל-הלרגהה-ןונקת/.
רישום ושיבוץ לילדים וילדות ממשיכים בגנים ברוח החינוך המונטסורי,https://www.ganeytikva.org.il/ירוסטנומה-חורב-םידליהו-תודליה-ינגב-ג-פשת-תנשב-םידמולל-ד-פשת-תנשל-ץובישהו-םושירה-ךילהת/.
"הליך הרישום והשיבוץ, לילדים וילדות חדשים.ות בגנים ברוח החינוך המונטסורי",https://www.ganeytikva.org.il/ירוסטנומה-ךוניחה-חורב-םינגב-תו-םישדח-תודליו-םידליל-ד-פשת-תנשל-ץובישהו-םושירה-ךילה/.
הימים הראשונים בגן,https://www.ganeytikva.org.il/ןגב-םינושארה-םימיה/.
מערך העשרה בגני הילדות והגני ילדים,https://www.ganeytikva.org.il/םידלי-ינגהו-תודליה-ינגב-הרשעה-ךרעמ/.
תשלומי הורים בגני הילדות והילדים,https://www.ganeytikva.org.il/םידליהו-תודליה-ינגב-םירוה-ימולשת/.
ילדים וילדות עם צרכים מיוחדים,https://www.ganeytikva.org.il/םידחוימ-םיכרצ-םע-תודליו-םידלי/.
בתי הספר,https://www.ganeytikva.org.il/רפסה-יתב/.
חווה חקלאית,https://www.ganeytikva.org.il/תיאלקח-הווח-1053274071-0/.
"שלהבות חב""ד",https://www.ganeytikva.org.il/ד-בח-תובהלש/.
חטיבת הראשונים,https://www.ganeytikva.org.il/םינושאר-תביטח/.
תיכון מיתר,https://www.ganeytikva.org.il/רתימ-ןוכית/.
תלמוד תורה,https://www.ganeytikva.org.il/הרות-דומלת/.
בית יעקב,https://www.ganeytikva.org.il/בקעי-תיב/.
"שיבוצים לכיתות א' תשפ""ד",https://www.ganeytikva.org.il/ב-פשת-א-תותיכל-םיצוביש/.
רישום לבתי ספר,https://www.ganeytikva.org.il/רפס-יתבל-םושיר/.
חוברת רישום,https://www.ganeytikva.org.il/-2287510461-0/.
צור קשר עם בתי הספר ביישוב,https://www.ganeytikva.org.il/בושייב-רפסה-יתב-םע-רשק-רוצ/.
שאלות ותשובות  רישום לבתי ספר,https://www.ganeytikva.org.il/רפס-יתב-תובושתו-תולאש/.
רישום תושב חדש למערכת החינוך היישובית,https://www.ganeytikva.org.il/תיבושייה-ךוניחה-תכרעמל-שדח-בשות-םושיר/.
חינוך מיוחד והטיפול בפרט,https://www.ganeytikva.org.il/טרפב-לופיט/.
"חוברת המחלקה לטיפול בפרט והחינוך המיוחד תשפ""ד",https://www.ganeytikva.org.il/ד-פשת-דחוימה-ךוניחהו-טרפב-לופיטל-הקלחמה-תרבוח/.
שאלות תשובות מחלקת פרט,https://www.ganeytikva.org.il/טרפ-תקלחמ-תובושת-תולאש/.
מטרות ​המחלקה לטיפול בפרט,https://www.ganeytikva.org.il/טרפב-לופיטל-הקלחמה-תורטמ/.
"מסגרות חינוך מיוחד (מעודכן לשנת הלימודים תשפ""ד 2023-2024):",https://www.ganeytikva.org.il/2202-1202-ב-פשת-םידומילה-תנשל-ןכדועמ-דחוימ-ךוניח-תורגסמ/.
"קידום נוער-היל""ה ותכנית 'עוגן שלי'",https://www.ganeytikva.org.il/רעונה-םודיק/.
שירותי המחלקה,https://www.ganeytikva.org.il/הקלחמה-יתוריש/.
גיל ההתבגרות,https://www.ganeytikva.org.il/תורגבתהה-ליג/.
"בית ספר היל""ה",https://www.ganeytikva.org.il/ה-ליה-רפס-תיב/.
תכנית 'עוגן שלי',https://www.ganeytikva.org.il/ילש-ןגוע-תינכת/.
בעלי תפקי​דים,https://www.ganeytikva.org.il/םיד-יקפת-ילעב/.
שעות פעילות וכתובתינו,https://www.ganeytikva.org.il/וניתבותכו-תוליעפ-תועש/.
איך פונים אלינו?,https://www.ganeytikva.org.il/ונילא-םינופ-ךיא/.
"ביקור סדיר - קב""ס",https://www.ganeytikva.org.il/ס-בק-רידס-רוקיב/.
"השירות הפסיכולוגי החינוכי - שפ""ח",https://www.ganeytikva.org.il/יגולוכיספה-תורישה/.
טיפים להתחלה רגועה ונעימה בגני הילדים,https://www.ganeytikva.org.il/םידליה-ינגב-המיענו-העוגר-הלחתה-היהתש-ידכ-יגולוכיספה-תורישהמ-םיפיט-המכ-הנה-ןאכ-רבכ-ב-פשת-םידומילה-תנש/.
שרות פסיכולוגי משלים,https://www.ganeytikva.org.il/043/smroftrams/li.gro.avkityenag.www//:sptth
צוות השירות הפסיכולוגי,https://www.ganeytikva.org.il/יגולוכיספה-תורישה-תווצ/.
נוער,https://www.ganeytikva.org.il/םיריעצו-רעונ-תקלחמ/.
מסגרות מעורבות חברתית לנוער,https://www.ganeytikva.org.il/רעונל-תיתרבח-תוברועמ-תורגסמ/.
התנסויות נוער עם אזרחים ותיקים,https://www.ganeytikva.org.il/8934556861-detacilpud/.
"התנסויות נוער תנועות, ארגוני נוער ותוכניות מנהיגות",https://www.ganeytikva.org.il/תוגיהנמ-תוינכותו-רעונ-ינוגרא-תועונת-רעונ-תויוסנתה/.
התנסויות נוער רפואה ובריאות,https://www.ganeytikva.org.il/תואירבו-האופר-רעונ-תויוסנתה/.
התנסויות נוער צרכים מיוחדים,https://www.ganeytikva.org.il/4093707861-detacilpud/.
התנסויות נוער בספורט,https://www.ganeytikva.org.il/תובדנתה תורגסמ טרופסב רעונ תויוסנתה/.
התנסויות נוער אמנות ותרבות,https://www.ganeytikva.org.il/תוברתו-תונמא-רעונ-תויוסנתה/.
התנסויות נוער שאלות ותשובות,https://www.ganeytikva.org.il/תובושתו-תולאש-רעונ-תויוסנתה/.
התנסויות נוער בקהילה,https://www.ganeytikva.org.il/הליהקב-רעונ-תויוסנתה/.
התנסויות נוער בבית הספר,https://www.ganeytikva.org.il/7181648861-detacilpud/.
התנסויות נוער מהנייד,https://www.ganeytikva.org.il/9852648861-detacilpud/.
התנסויות נוער עם בעלי חיים,https://www.ganeytikva.org.il/4992648861-detacilpud/.
התנסויות נוער חונכות,https://www.ganeytikva.org.il/6643648861-detacilpud/.
מלגות לימודים,https://www.ganeytikva.org.il/םידומיל-תוגלמ-6394076951-0/.
מאגר מלגות לימודים,https://www.ganeytikva.org.il/םידומיל-תוגלמ-רגאמ/.
מלגות לימודים בעירייה,https://www.ganeytikva.org.il/םידומיל-תוגלמ-2094076951-0/.
פעילויות ואירועים לנוער וצעירים,https://www.ganeytikva.org.il5=yrogetac?/stneve/li.gro.avkityenag.www//:sptth
עובדי המחלקה,https://www.ganeytikva.org.il/רשק-תריצי-7876903651-0/.
מועדון הנוער- התקווה 7,https://www.ganeytikva.org.il/רעונה-תיב/.
מנהיגות בנוער,https://www.ganeytikva.org.il/רעונה-תצעומ/.
מרכז המוזיקה- The Basement,https://www.ganeytikva.org.il/הקיזומה-זכרמ/.
הרכבי מוסיקה,https://www.ganeytikva.org.il/תודוא-9083903651-0/.
אולפן הקלטות,https://www.ganeytikva.org.il/רשק-תריצי/.
מרכז הכנה לשירות משמעותי,https://www.ganeytikva.org.il/םור-פייקסא/.
תהליך הרשמה למכינות ושנות שירות,https://www.ganeytikva.org.il/תוריש-תונשו-תוניכמל-המשרה-ךילהת/.
תנועות וארגוני הנוער,https://www.ganeytikva.org.il/רעונ-תועונת/.
צופים,https://www.ganeytikva.org.il/םיפוצ/.
הנוער העובד והלומד,https://www.ganeytikva.org.il/דמולהו-דבועה-רעונה/.
בני עקיבא,https://www.ganeytikva.org.il/אביקע-ינב/.
עזרא,https://www.ganeytikva.org.il/ארזע/.
איגי,https://www.ganeytikva.org.il/יגיא/.
חוגי סיור של החברה להגנת הטבע,https://www.ganeytikva.org.il/יגיא-0423637751-0/.
ביטוח תאונות אישיות לתלמידים,https://www.ganeytikva.org.il0=devreser&D3%c8FN8HBA46tZl1BF2%1o82YB2%AlTIn8F4SxIwlYM9OCoEi=atads&C7%C7%C7%0003C7%D3%0nM6ICVXJCLiwWah1kI6IiTBJCLiIzMul2ViojIQJCLiADMwAjLw4CMiojIWJye8d3bsZGbpFWTC7%nwonknUC7%999161473102414836C7%0C7%0C7%13e44e8add626d8ab8547817dcfa7bfdC7%25b655a1cd8067757494249efa9fda14C7%li.gro.kitnag04%emetorC7%20C7%50=atad&F2%avkityenagF2%seitirohtuaF2%li.oc.lachsam.ycnegaecnarusniF2%F2%A3%sptth=lru?/moc.kooltuo.noitcetorp.sknilefas.10rue//:sptth
מחלקת הרווחה והשירותים החברתיים,https://www.ganeytikva.org.il/םייתרבחה-םיתורישהו-החוור-ףגא/.
גישור בקהילה,https://www.ganeytikva.org.il/הליהקב-רושיג-6184013171-0/.
אזרחים ותיקים,https://www.ganeytikva.org.il/םיקיתו-םיחרזא/.
קהילה תומכת,https://www.ganeytikva.org.il/תכמות-הליהק/.
מועדון חברתי,https://www.ganeytikva.org.il/יתרבח-ןודעומ/.
מרכז יום אופק,https://www.ganeytikva.org.il/קפוא-םוי-זכרמ/.
כיתות אזרחים ותיקים,https://www.ganeytikva.org.il/םיקיתו-םיחרזא-תותיכ/.
בני משפחה המטפלים באזרח הותיק,https://www.ganeytikva.org.il/קיתוה-חרזאב-םילפטמה-החפשמ-ינב/.
ספרייה בשפה הרוסית,https://www.ganeytikva.org.il/תיסורה-הפשב-היירפס/.
תרבות ופנאי לאזרחים ותיקים,https://www.ganeytikva.org.ilmikitaV_kitnaG/oc.gnioc.www//:sptth
תכנית תרבותית חברתית לשורדי שואה,https://www.ganeytikva.org.il/993/swen/li.gro.avkityenag.www//:sptth
מרכז פנאי פלוס לאזרחים וותיקים,https://www.ganeytikva.org.il/םיקיתוו-םיחרזאל-סולפ-יאנפ-זכרמ/.
בעלי תפקידים באגף הרווחה והשירותים החברתיים,https://www.ganeytikva.org.il/םייתרבחה-םיתורישהו-החוורה-ףגאב-םידיקפת-ילעב/.
מנהל מוגבלויות,https://www.ganeytikva.org.il/תויולבגומ-להנמ/.
עיכוב התפתחותי מאובחן בילדות,https://www.ganeytikva.org.il/תודליב-ןחבואמ-יתוחתפתה-בוכיע/.
אוטיזם,https://www.ganeytikva.org.il/םזיטוא/.
מוגבלות שכלית התפתחותית,https://www.ganeytikva.org.il/תיתוחתפתה-תילכש-תולבגומ/.
שיקום,https://www.ganeytikva.org.il/םוקיש/.
התמכרויות,https://www.ganeytikva.org.il/תויורכמתה/.
משפחה וילד בקהילה,https://www.ganeytikva.org.il/הליהקב-דליו-החפשמ/.
ליווי למשפחות בעתות משבר,https://www.ganeytikva.org.il/רבשמ-תותעב-תוחפשמל-יוויל/.
ליווי למשפחות,https://www.ganeytikva.org.il/תוחפשמל-יוויל/.
הגנה על קטינים בסיכון,https://www.ganeytikva.org.il/ןוכיסב-םיניטק-לע-הנגה/.
סדרי דין,https://www.ganeytikva.org.il/ןיד-ירדס/.
מרכז חוסן למשפחה,https://www.ganeytikva.org.il/החפשמל-ןסוח-זכרמ/.
התחנה לטיפול זוגי ומשפחתי,https://www.ganeytikva.org.il/יתחפשמו-יגוז-לופיטל-הנחתה/.
מועדוניות,https://www.ganeytikva.org.il/תוינודעומ/.
היחידה לשלום המשפחה,https://www.ganeytikva.org.il/החפשמה-םולשל-הדיחיה-7682943071-0/.
בית ירוק בקהילה,https://www.ganeytikva.org.il/הליהקב-קורי-תיב/.
חוסן לקהילה,https://www.ganeytikva.org.il/הליהקל-ןסוח/.
מידע חשוב להורים פרודים/גרושים,https://www.ganeytikva.org.il/םישורג-םידורפ-םירוהל-בושח-עדימ/.
"השירות לנוער, צעירים וצעירות",https://www.ganeytikva.org.il/תוריעצו-םיריעצ-רעונל-תורישה/.
ליווי פרטני,https://www.ganeytikva.org.il/ינטרפ-יוויל/.
מועדון נוער ייחודי לנוער חרדי,https://www.ganeytikva.org.il/ידרח-רעונל-ידוחיי-רעונ-ןודעומ/.
פעילויות לקהילה,https://www.ganeytikva.org.il/הליהקל-תויוליעפ/.
יחידת התנדבות עירונית,https://www.ganeytikva.org.ilsreetnuloV_kitnaG/oc.gnioc.www//:sptth
אגף הכנסות גבייה וארנונה,https://www.ganeytikva.org.il/הנונרא-הייבג-תוסנכה/.
צווי מיסים ארנונה,https://www.ganeytikva.org.il/הנונרא-םיסימ-יווצ/.
תווי מזון לזכאים,https://www.ganeytikva.org.il/םיאכזל-ןוזמ-יוות/.
תשלום ארנונה,https://www.ganeytikva.org.il002205=DISAMAL&1=dIS?002205/yaPytic/etiSsecivreSlatroP/li.oc.u4ytic//:sptth
טפסים - גבייה,https://www.ganeytikva.org.il44=yrogetac?/smrof/li.gro.avkityenag.www//:sptth
מידע בנושא הנחות בארנונה כללי,https://www.ganeytikva.org.il/יללכ-הנונראב-תוחנה-אשונב-עדימ/.
החלטות ועדת ערר,https://www.ganeytikva.org.il/ררע-תדעו-תוטלחה/.
חוקי עזר עירוניים,https://www.ganeytikva.org.il/םיינוריע-רזע-יקוח/.
סקר נכסים ומדידות - שאלות ותשובות,https://www.ganeytikva.org.il51w14a61s6we5d=weiverp?/2611/li.gro.avkityenag.www//:sptth
מחלקת נכסים והשכרת מרחבים,https://www.ganeytikva.org.il/םיסכנ-תקלחמ/.
טופס בקשה להשכרת מרחב,https://www.ganeytikva.org.il/בחרמ-תרכשהל-השקב-ספוט/.
אגף הנדסה,https://www.ganeytikva.org.il/הסדנה-ףגא/.
זימון תורים לועדה המקומית,https://www.ganeytikva.org.il/stnemtnioppa/
אתר ועדה מקומית לתכנון ובנייה,https://www.ganeytikva.org.ilxpsa.tluafed/segaP/li.gro.avkityenag.asadnah//:ptth
תכנית המתאר הכוללנית של גני תקווה,https://www.ganeytikva.org.il/הווקת-ינג-לש-תינללוכה-ראתמה-תינכת/.
אישור היעדר חובות (אישור לטאבו),https://www.ganeytikva.org.il/ובאטל-רושיא-תובוח-רדעיה-רושיא/.
רישוי עסקים,https://www.ganeytikva.org.il/םיקסע-יושיר/.
הרפורמה בחוק רישוי עסקים,https://www.ganeytikva.org.il/םיקסע-יושיר-קוחב-המרופרה/.
מהו צו רישוי עסקים,https://www.ganeytikva.org.il/םיקסע-יושיר-וצ-והמ/.
המפרט הרשותי של העירייה,https://www.ganeytikva.org.il/הצעומ-לש-יתושרה-טרפמה-7022620161-0/.
דרישות כלליות מעסקים,https://www.ganeytikva.org.il/םיקסעמ-תויללכ-תושירד-3043620161-0/.
דרישות פרטניות מעסקים,https://www.ganeytikva.org.il/םיקסעמ-תוינטרפ-תושירד-0973620161-0/.
מעקב בקשה לקבלת רישיון עסק,https://www.ganeytikva.org.ilnigol/laab/#avkit_yenag=num?/li.oc.sysytic.latrop-yuhsir//:sptth
הגשת בקשה מקוונת לקבלת רישיון עסק,https://www.ganeytikva.org.ilavkit_yenag=num?/tseuqer_wen/li.oc.sysytic.latrop-yuhsir//:sptth
מערכת זימון תורים למחלקת רישוי ופיקוח עסקים,https://www.ganeytikva.org.il  42=di?/stnemtnioppa/li.gro.avkityenag.www//:sptth
פיקוח על הבניה והעסקים,https://www.ganeytikva.org.il/םיקסעהו-הינבה-לע-חוקיפ/.
הנחיות כלליות לעסקים,https://www.ganeytikva.org.il/םיקסעמ-תויללכ-תושירד/.
דרישות פרטניות מעסקים,https://www.ganeytikva.org.il/םיקסעמ-תוינטרפ-תושירד/.
הנחיות לשימוש במפרט האחיד,https://www.ganeytikva.org.il/דיחאה-טרפמב-שומישל-תויחנה/.
עמדות טעינה,https://www.ganeytikva.org.il/הניעט-תודמע/.
תחבורה ציבורית,https://www.ganeytikva.org.il/תירוביצ-הרובחת/.
תלונה על קו אוטובוס,https://www.ganeytikva.org.il/סובוטוא-וק-לע-הנולת/.
מיזם רכב שיתופי  - בוחרים בתחבורה ירוקה ושיתופית,https://www.ganeytikva.org.il/תיפותישו-הקורי-הרובחתל-םירבוע-יפותיש-בכר-םזימ/.
מערכות לייצור אנרגיה מתחדשת על גגות מבני ציבור,https://www.ganeytikva.org.il/רוביצ-ינבמ-תוגג-לע-יראלוס-טקיורפ/.
מידע כללי וממשלתי על מערכות פוטו-וולטאיות,https://www.ganeytikva.org.il/תויראלוס-תוכרעמ-לע-יללכ-עדימ/.
אתרי פאנלים סולאריים בתחומי הרשות,https://www.ganeytikva.org.il/םייראלוס-םילנאפ/.
שאלות תשובות,https://www.ganeytikva.org.il/תובושת-תולאש/.
מקורות מידע נוספים,https://www.ganeytikva.org.il/םיפסונ-עדימ-תורוקמ/.
כלים חינוכיים,https://www.ganeytikva.org.il/םייכוניח-םילכ/.
נוהל הקמת גינת כלבים,https://www.ganeytikva.org.il/-1035102261-0/.
גזברות,https://www.ganeytikva.org.il/תונובשח-תלהנהו-תורבזג-ףגא/.
הנהלת חשבונות,https://www.ganeytikva.org.il/תונובשח-תלהנה/.
שכר,https://www.ganeytikva.org.il/רכש/.
תמיכות עירוניות,https://www.ganeytikva.org.il/תוינוריע-תוכימת/.
רכש,https://www.ganeytikva.org.il/שכר-תקלחמ/.
הכנסות וארנונה,https://www.ganeytikva.org.il/171/
אגף חזות פני העיר,https://www.ganeytikva.org.il/ריעה-ינפ-תוזח-ףגא/.
שירות וטרינרי,https://www.ganeytikva.org.il/ירנירטו-תוריש/.
מחלקת לוגיסטיקה,https://www.ganeytikva.org.il/הקיטסיגול-תקלחמ/.
השאלת ציוד לאבלים,https://www.ganeytikva.org.il/םילבאל-דויצ-תלאשה/.
"מפגעי תעבורה - תיקון, שיפוץ, שילוט",https://www.ganeytikva.org.il/טוליש-ץופיש-ןוקית-הרובעת-יעגפמ/.
מפגעי מזג אוויר,https://www.ganeytikva.org.il/ריווא-גזמ-יעגפמ/.
תחזוקה שוטפת ברחבי העיר,https://www.ganeytikva.org.il/ריעה-יבחרב-תפטוש-הקוזחת/.
תחזוקה שוטפת במוסדות חינוך וגני ילדים,https://www.ganeytikva.org.il/םידלי-ינגו-ךוניח-תודסומב-תפטוש-הקוזחת/.
אירועים מטעם העירייה – הקמה ופירוק,https://www.ganeytikva.org.il/קוריפו-המקה-הייריעה-םעטמ-םיעוריא/.
ליווי קבלני משנה בתחזוקה כללית,https://www.ganeytikva.org.il/תיללכ-הקוזחתב-הנשמ-ינלבק-יוויל/.
מחלקת גנים ונוף ומתקני משחק,https://www.ganeytikva.org.il/קחשמ-ינקתמו-ןוניג-תקלחמ/.
יצירת קשר עם מחלקת גנים ונוף,https://www.ganeytikva.org.il/ןוניג-תקלחמ-םע-רשק-תריצי/.
אישורי כריתת עצים,https://www.ganeytikva.org.il/םיצע-תתירכ-ירושיא/.
נוהל בקשת אישור כריתה,https://www.ganeytikva.org.il/התירכ-רושיא-תשקב-להונ/.
אישורים שניתנו,https://www.ganeytikva.org.ilseert_gnillef_orp/sediug/stnemtraped/eh/li.vog.www//:sptth
תכנית גינון שבועית בחתך רחובות במחלקת הגינון,https://www.ganeytikva.org.il/ןוניגה-תקלחמ-לש-הדובע-ימוחתו-תובוחר-ךתחב-תיעובש-ןוניג-תינכת/.
העצים של גני תקווה,https://www.ganeytikva.org.il/li.gro.seert-avkityenag.www//:sptth
מחלקת פיקוח עירוני,https://www.ganeytikva.org.il/ינוריע-חוקיפ-תקלחמ/.
נוהל מדיניות אכיפת חוקי עזר,https://www.ganeytikva.org.il/רזע-יקוח-תפיכא-תוינידמ-להונ/.
מדיניות אירועים פרטיים בפארקים ציבוריים,https://www.ganeytikva.org.il/םיירוביצ-םיקראפב-םייטרפ-םיעוריא-תוינידמ/.
"דו""חות חניה ופיקוח",https://www.ganeytikva.org.il/חוקיפו-הינח-תוח-וד/.
אכיפת איסור עישון,https://www.ganeytikva.org.il/ןושיע-רוסיא-תפיכא/.
פיקוח וחניה,https://www.ganeytikva.org.il/הינחו-חוקיפ/.
"מחלקת שפ""ע",https://www.ganeytikva.org.il/ע-פש-תקלחמ/.
נוהל הוצאה ופינוי גזם/גרוטאות ברחבי העיר,https://www.ganeytikva.org.il/ריעה-יבחרב-תואטורג-םזג-יוניפו-האצוה-להונ/.
"ועדה לאיכות סביבה ושפ""ע - פרוטוקולים",https://www.ganeytikva.org.ilcsed-etad=redro&3=yrogetac&0=raey?/slocotorp/.
ימי פינוי ונוהל הוצאת גזם וגרוטאות,https://www.ganeytikva.org.il/תואטורגו-םזג-תאצוה-להונו-יוניפ-ימי/.
עושים איכות סביבה - ממחזרים,https://www.ganeytikva.org.il/םירזחממ-הביבס-תוכיא-םישוע/.
פינוי אשפה,https://www.ganeytikva.org.il/הצעומה-יבחרב-תואטורג-םזג-יוניפו-האצוה-להונ/.
ימי פינוי אשפה ביתית ניקיון רחובות ומיקום מחזוריות לפי רחוב,https://www.ganeytikva.org.il/תובוחר-יפל-תוירוזחמ-םוקימו-תיתיב-הפשא-יוניפ-ימי/.
מחלקת חשמל ותאורה,https://www.ganeytikva.org.il/הרואתו-למשח-תקלחמ/.
מתן שירות אחזקה לתאורת רחוב,https://www.ganeytikva.org.il/בוחר-תרואתל-הקזחא-תוריש-ןתמ/.
מתן שירות אחזקה למוסדות החינוך וציבורי,https://www.ganeytikva.org.il/ירוביצו-ךוניחה-תודסומל-הקזחא-תוריש-ןתמ/.
מתן שירות לאירועי העירייה,https://www.ganeytikva.org.il/הייריעה-יעוריאל-תוריש-ןתמ/.
ביצוע בדיקות קרינה במוסדות חינוך,https://www.ganeytikva.org.il/ךוניח-תודסומב-הנירק-תוקידב-עוציב/.
הקצאת מקום חנייה לנכים,https://www.ganeytikva.org.il/םיכנל-היינח-םוקמ-תאצקה/.
מחלקת אחזקת מערכות,https://www.ganeytikva.org.il/תוכרעמ-תקזחא-תקלחמ/.
אנרגיה סולארית – מערכות פוטו וולטאי,https://www.ganeytikva.org.il/יאטלוו-וטופ-תוכרעמ-תיראלוס-היגרנא/.
מעליות ומחסומים,https://www.ganeytikva.org.il/םימוסחמו-תוילעמ/.
מערכות מיזוג אוויר מרכזיות,https://www.ganeytikva.org.il/תויזכרמ-ריווא-גוזימ-תוכרעמ/.
מערכות שחרור עשן,https://www.ganeytikva.org.il/ןשע-רורחש-תוכרעמ/.
"חדרי משאבות ומז""חים",https://www.ganeytikva.org.il/םיח-זמו-תובאשמ-ירדח/.
בריכות ביולוגיות,https://www.ganeytikva.org.il/תויגולויב-תוכירב/.
"מחלקת בטחון, בטיחות וחירום",https://www.ganeytikva.org.il/םוריחו-תוחיטב-ןוחטבל-ףגא/.
סטטוס גני תקווה פיקוד העורף,https://www.ganeytikva.org.il/ףרועה-דוקיפ-הווקת-ינג-סוטטס/.
היערכות לחירום - הנחיות מצילות חיים,https://www.ganeytikva.org.il/6703189561-detacilpud/.
רשימת מקלטים לשעת חירום,https://www.ganeytikva.org.il/1524839761-detacilpud/.
מיזם 100,https://www.ganeytikva.org.il/001-םזימ/.
יחידת סער,https://www.ganeytikva.org.il/רעס-תדיחי/.
הנחיות לציבור במזג אוויר סוער,https://www.ganeytikva.org.il/רעוס-ריווא-גזמב-רוביצל-תויחנה/.
מצלמות אבטחה ביישוב,https://www.ganeytikva.org.il/בושייב-החטבא-תומלצמ/.
משמר השכונה,https://www.ganeytikva.org.il/יתליהק-רוטישו-םיבדנתמ-סיסב/.
אגף קהילה וקידום עסקים ומעמד האישה,https://www.ganeytikva.org.il/םיקסע-םודיקו-הליהק-ףגא/.
מחוברות - קהילת הנשים של גני תקווה,https://www.ganeytikva.org.il/םישנ-תליהק-תורבוחמ/.
צילומי תדמית של מחוברות,https://www.ganeytikva.org.il/תימדת-ימוליצ/.
מחוברות לטוב,https://www.ganeytikva.org.il/8573997961-detacilpud/.
חמישי נשי,https://www.ganeytikva.org.il/ ישנ ישימח/.
קורס מבוא - NLP ומיינדפולנס,https://www.ganeytikva.org.il/-5832054461-0/.
קורס שיווק דיגיטלי,https://www.ganeytikva.org.il/1928535461-detacilpud/.
קורס תכנון פיננסי,https://www.ganeytikva.org.il/1338535461-detacilpud/.
קורס נומרולוגיה התפתחותית,https://www.ganeytikva.org.il/תיתוחתפתה-היגולורמונ-סרוק/.
דייט עם אימוש!,https://www.ganeytikva.org.il/7751606861-detacilpud/.
גורג'ס | את הכי גורג'ס כשאת תורמת,https://www.ganeytikva.org.il/תמרות-תאשכ-ס-גרוג-יכה-תא-ס-גרוג/.
מרגישים בבית | הרצאות להורים אצלכם בבניין,https://www.ganeytikva.org.il/6204271861-detacilpud/.
מתחשבים - בגני תקווה לכל בית יהיה מחשב!,https://www.ganeytikva.org.il/תיב-לכל-בשחמל-םיגאוד/.
עסקים בגני תקווה,https://www.ganeytikva.org.il/הווקת-ינגב-םיקסע/.
מחלקת תרבות ואירועים,https://www.ganeytikva.org.il/םיעוריאו-תוברת-תקלחמ/.
אגף דוברות והסברה,https://www.ganeytikva.org.il/בשותל-תורישו-הרבסה-תורבוד-ףגא/.
אגף אסטרטגיה חדשנות ודיגיטל,https://www.ganeytikva.org.il/לטיגידו-תונשדח-היגטרטסא-ףגא/.
פרויקט 'עיר חכמה',https://www.ganeytikva.org.il/המכח-ריע/.
READ YOUR METER,https://www.ganeytikva.org.il/retem-ruoy-daer/.
תוכנת אופיס בחינם לתלמידי ומורי מערכת החינוך,https://www.ganeytikva.org.il/ךוניחה-תכרעמ-ירומו-ידימלתל-םניחב-סיפוא-תנכות/.
אגף משאבי אנוש,https://www.ganeytikva.org.il/שונא-יבאשמ-תקלחמ/.
לשכה משפטית,https://www.ganeytikva.org.il/תיטפשמ-הכשל/.
יחידת ביטוח ותביעות,https://www.ganeytikva.org.il/תועיבתו-חוטיב-תדיחי/.
מבקרת העירייה ותלונות הציבור,https://www.ganeytikva.org.il/רוביצה-תונולתו-הייריעה-תרקבמ/.
דוחות הממונה על תלונות הציבור,https://www.ganeytikva.org.il/רוביצה-תוינפ-לע-הנוממה-תוחוד/.
טופס הגשת תלונה לממונה על תלונות הציבור בעירייה,https://www.ganeytikva.org.il/הצעומב-רוביצה-תונולת-לע-הנוממל-הנולת-תשגה-ספוט/.
תרבות יהודית,https://www.ganeytikva.org.il/תידוהי-תוברתל-הקלחמה/.
אגף ספורט ובריאות,https://www.ganeytikva.org.il/תואירבו-טרופס-ףגא/.
"""עיר בריאה""",https://www.ganeytikva.org.il/האירב-ריע/.
אתר אפשרי בריא,https://www.ganeytikva.org.il/li.vog.irabirahsfe//:sptth
רשת ערים בריאות,https://www.ganeytikva.org.il/li.oc.seiticyhtlaeh.www//:ptth
"הכירו את נועה אפל, נערה בת 18 עם צרכים מיוחדים",https://www.ganeytikva.org.il/םידחוימ-םיכרצ-םע-81-תב-הרענ-לפא-העונ-תא-וריכה/.
"הכירו את אורי דוד, בן ה-13 וחצי, הלומד בחטיבת ""הראשונים",https://www.ganeytikva.org.il/םינושארה-תביטחב-דמולה-יצחו-31-ה-ןב-דוד-ירוא-תא-וריכה/.
"הכירו את אורי ונועם, ילדים ממועדונית הרווחה, תושבת גני תקווה",https://www.ganeytikva.org.il/הווקת-ינג-תבשות-החוורה-תינודעוממ-םידלי-םעונו-ירוא-תא-וריכה/.
"הכירו את גאיה פרידמן, נערה עם צרכים מיוחדים, תושבת גני תקווה:",https://www.ganeytikva.org.il/הווקת-ינג-תבשות-םידחוימ-םיכרצ-םע-הרענ-ןמדירפ-היאג-תא-וריכה/.
גנית,https://www.ganeytikva.org.il/תינג/.
גילגל,https://www.ganeytikva.org.il/לגליג/.
חברת פסגות,https://www.ganeytikva.org.il/תוגספ-תרבח/.
barcodes,https://www.ganeytikva.org.il/sedocrab/.
"ברכת ראש המועצה, ליזי דלריצ'ה | חגי תשרי תשפ""ב",https://www.ganeytikva.org.il/ירשת-יגחל-ה-צירלד-יזיל-הצעומה-שאר-תכרב/.
מנהל.ות גן,https://www.ganeytikva.org.il/ןג-תולהנמ/.
עמוד ראשי,https://www.ganeytikva.org.il/.
תנאי שימוש,https://www.ganeytikva.org.il/smret/.
מדיניות פרטיות,https://www.ganeytikva.org.il/ycavirp/.
מרחב אישי לתושב/ת,https://www.ganeytikva.org.il/retnec-vahsot/.
FOOTER,https://www.ganeytikva.org.il/retoof/.
לומר מילה טובה,https://www.ganeytikva.org.il/הבוט-הלימ-רמול/.
הצהרת נגישות,https://www.ganeytikva.org.il/ytilibissecca/.
עסקים,https://www.ganeytikva.org.il/םיקסע/.
מתעסקים בעסקים,https://www.ganeytikva.org.il/םיקסעב-םיקסעתמ/.
לוח עסקים,https://www.ganeytikva.org.il/539/.
רישוי עסקים,https://www.ganeytikva.org.il/024/.
קידום עסקים,https://www.ganeytikva.org.il/958/.
QBIX מרחב עבודה עירוני,https://www.ganeytikva.org.il/li.oc.xibq//:sptth
איכות הסביבה,https://www.ganeytikva.org.il/הביבסה-תוכיא/.
חתולי רחוב,https://www.ganeytikva.org.il/בוחר-ילותח-תלכאה/.